Name,Price

peky.com,"3,855"

traderportal.com,"9,555"

endlesssummit.com,"8,655"

nfc.to,991

miraculous.ly,963

seselu.com,"99,166"

aquajet.com,"88,999"

nft.rentals,"5,816"

genderlessvoice.com,"1,566"

eledger.com,"1,009"

ejge.com,"8,919"

931.cc,"8,116"

organs.xyz,"7,008"

techno.org,"7,020"

gemsonly.com,"7,844"

feather.app,"7,811"

vethelpline.com,"7,644"

sulli.com,"7,691"

g2m.com,"3,011"

labellavita.com,"3,411"

daytrends.com,"8,599"

rosefoundation.com,"8,800"

foolishpleasure.com,"8,170"

stylistpick.com,"8,707"

russellstreetdeli.com,"8,734"

metaphysics.xyz,"1,663"

vertical.ai,"1,945"

gitcode.com,"1,947"

prayplus.com,"1,599"

eventco.com,"1,034"

3dman.com,"1,234"

begolden.com,"1,341"

coloso.com,"1,349"

aluna.net,"1,644"

raylight.com,"1,962"

curee.org,"1,944"

northernarizona.com,"1,944"

ioipay.com,"1,489"

proftrade.com,"1,475"

atlanticsavannah.com,"1,413"

foiamapper.com,"9,689"

comor.com,"9,667"

gotrucks.com,"8,483"

galalive.com,"8,555"

evto.com,"8,579"

goodself.com,"8,539"

mushroommenus.com,"8,591"

pinsurance.com,"8,566"

bigix.com,"8,745"

dflow.net,"8,755"

amazingkitchen.com,"9,007"

stores.xyz,"9,034"

reiu.com,"9,048"

vatin.com,"9,253"

smartphone.co,"9,202"

apehouse.com,"9,209"

computer50.org,"9,234"

livetop.com,"9,334"

jetbike.com,"9,334"

gifts.click,"9,366"

electronicaestudio.com,"9,677"

bluewatercruising.com,"9,677"

naturallyyours.com,"9,567"

sgtgroup.com,"9,861"

elentia.com,"9,411"

nextlevelseminars.com,"9,467"

multiplanetary.com,"9,474"

nftgiveaway.com,"9,477"

everyoneneedsjesus.com,"9,911"

heatherstreasures.com,"9,911"

headclear.com,"9,988"

moonsite.com,"9,933"

tanzaniaports.com,"9,934"

uhp.org,"9,948"

unitedadvisor.com,"9,418"

grantsmart.com,"9,445"

fortuneranches.com,"9,441"

shampoo-jp.net,585

eiscat.com,580

webfeat.com,582

secondelement.com,411

repasbio.org,418

tinyhomeinsurance.com,439

silenttrade.com,424

quantumstone.com,423

greenfleets.com,498

getyoufit.com,467

againstfootball.org,466

jqaaa.com,551

icbx.com,520

geekchamp.com,586

konway.com,566

momsecrets.com,778

iyoda.com,703

energybeauty.com,726

defi.lease,781

cf77.com,766

cyberpi.com,054

potomacflacks.com,002

abouttimewebdesign.com,014

